INSERT INTO Ingredientes (Nombre, Unidad, Cantidad, Clasificacion) VALUES
('Tomate', 'kg', 50, 'Vegetal'),
('Lechuga', 'kg', 30, 'Vegetal'),
('Queso', 'kg', 20, 'Lácteo'),
('Carne', 'kg', 40, 'Proteína'),
('Pollo', 'kg', 35, 'Proteína'),
('Pepino', 'kg', 25, 'Vegetal'),
('Pimiento', 'kg', 20, 'Vegetal'),
('Cebolla', 'kg', 15, 'Vegetal'),
('Ajo', 'kg', 10, 'Vegetal'),
('Zanahoria', 'kg', 20, 'Vegetal'),
('Papa', 'kg', 30, 'Vegetal'),
('Calabacín', 'kg', 18, 'Vegetal'),
('Brócoli', 'kg', 12, 'Vegetal'),
('Coliflor', 'kg', 12, 'Vegetal'),
('Espinaca', 'kg', 10, 'Vegetal'),
('Champiñón', 'kg', 15, 'Vegetal'),
('Tocino', 'kg', 10, 'Proteína'),
('Jamón', 'kg', 15, 'Proteína'),
('Salchicha', 'kg', 10, 'Proteína'),
('Harina', 'kg', 50, 'Cereal'),
('Azúcar', 'kg', 45, 'Cereal'),
('Sal', 'kg', 25, 'Condimento'),
('Pimienta', 'kg', 5, 'Condimento'),
('Oregano', 'kg', 5, 'Condimento'),
('Perejil', 'kg', 10, 'Condimento'),
('Laurel', 'kg', 5, 'Condimento'),
('Romero', 'kg', 5, 'Condimento'),
('Tomillo', 'kg', 5, 'Condimento'),
('Cilantro', 'kg', 10, 'Condimento'),
('Nata', 'lt', 20, 'Lácteo'),
('Leche', 'lt', 50, 'Lácteo'),
('Crema', 'lt', 25, 'Lácteo'),
('Mantequilla', 'kg', 20, 'Lácteo'),
('Yogur', 'lt', 30, 'Lácteo'),
('Aceite', 'lt', 50, 'Grasa'),
('Vinagre', 'lt', 20, 'Grasa'),
('Miel', 'lt', 10, 'Endulzante'),
('Chocolate', 'kg', 15, 'Endulzante'),
('Nuez', 'kg', 5, 'Fruto Seco'),
('Almendra', 'kg', 5, 'Fruto Seco');


INSERT INTO Platillo (Nombre, Descripcion, Tiempo, Precio) VALUES
('Ensalada César', 'Ensalada con lechuga, crutones, queso parmesano y aderezo César', 'Comida', 8.50),
('Hamburguesa', 'Hamburguesa con carne, tomate, lechuga, queso y pan', 'Comida', 12.00),
('Pizza', 'Pizza de queso y pepperoni', 'Cena', 15.00),
('Sopa de Tomate', 'Sopa cremosa de tomate', 'Cena', 6.00),
('Spaghetti Bolognese', 'Pasta con salsa bolognese', 'Comida', 10.00),
('Taco de Pollo', 'Taco con pollo, lechuga, y salsa', 'Desayuno', 5.00),
('Omelette', 'Omelette de jamón y queso', 'Desayuno', 7.00),
('Panqueques', 'Panqueques con miel y mantequilla', 'Desayuno', 6.50),
('Croissant', 'Croissant de mantequilla', 'Desayuno', 4.00),
('Sándwich de Atún', 'Sándwich con atún, mayonesa y lechuga', 'Comida', 7.00),
('Enchiladas', 'Tortillas rellenas de pollo y bañadas en salsa', 'Cena', 10.00),
('Quesadilla', 'Quesadilla de queso', 'Desayuno', 4.50),
('Burrito', 'Burrito con carne y frijoles', 'Comida', 8.00),
('Chilaquiles', 'Chilaquiles con salsa roja y queso', 'Desayuno', 6.50),
('Frijoles Refritos', 'Frijoles refritos con queso', 'Comida', 3.50),
('Torta de Jamón', 'Torta con jamón, tomate y lechuga', 'Comida', 5.50),
('Pozole', 'Sopa de maíz con carne', 'Cena', 9.00),
('Tamal', 'Tamal de pollo', 'Desayuno', 4.00),
('Huevos Rancheros', 'Huevos con salsa ranchera', 'Desayuno', 6.00),
('Guacamole', 'Guacamole con totopos', 'Comida', 5.00),
('Salmón a la Parrilla', 'Salmón con vegetales', 'Cena', 14.00),
('Filete de Res', 'Filete de res con puré de papas', 'Cena', 18.00),
('Ceviche', 'Ceviche de camarón', 'Comida', 10.00),
('Tarta de Limón', 'Tarta de limón con merengue', 'Cena', 7.00),
('Pastel de Chocolate', 'Pastel de chocolate', 'Cena', 8.50),
('Brownie', 'Brownie de chocolate', 'Cena', 4.50),
('Helado', 'Helado de vainilla', 'Cena', 3.00),
('Mousse de Fresa', 'Mousse de fresa', 'Cena', 5.00),
('Tiramisu', 'Tiramisu', 'Cena', 6.50),
('Panna Cotta', 'Panna cotta de vainilla', 'Cena', 5.50),
('Gelatina', 'Gelatina de frutas', 'Cena', 2.50),
('Ensalada de Frutas', 'Ensalada con diversas frutas', 'Desayuno', 4.00),
('Yogur con Granola', 'Yogur con granola y miel', 'Desayuno', 4.50),
('Batido de Proteína', 'Batido de proteína con leche', 'Desayuno', 5.00),
('Café Americano', 'Café negro', 'Desayuno', 2.00),
('Latte', 'Café con leche', 'Desayuno', 3.50),
('Cappuccino', 'Café con espuma de leche', 'Desayuno', 3.50),
('Té Verde', 'Té verde caliente', 'Desayuno', 2.50),
('Jugo de Naranja', 'Jugo de naranja natural', 'Desayuno', 3.00);

INSERT INTO Cliente (Nombre) VALUES
('Juan Pérez'),
('María López'),
('Carlos García'),
('Ana Rodríguez'),
('Luis Ramírez'),
('Sofía Martínez'),
('Jorge Hernández'),
('Laura Torres'),
('David Gómez'),
('Mónica Chávez'),
('Pedro Sánchez'),
('Elena Morales'),
('Ricardo Fernández'),
('Gabriela Vázquez'),
('Alejandro Díaz'),
('Carmen Gutiérrez'),
('Fernando Ruiz'),
('Isabel Ortega'),
('Roberto Mendoza'),
('Paula Castro'),
('Héctor Jiménez'),
('Marta Castillo'),
('Andrés Romero'),
('Lucía Guerrero'),
('Sergio Medina'),
('Silvia López'),
('José Moreno'),
('Verónica Navarro'),
('Rafael Gil'),
('Adriana Rojas'),
('Daniel Ortiz'),
('Patricia Núñez'),
('Víctor Paredes'),
('Julia Vega'),
('Francisco Soto'),
('Teresa Delgado'),
('Alberto Ponce'),
('Cristina Serrano'),
('Miguel Ibarra'),
('Rosa Flores');




INSERT INTO Mesero (Nombre, Apellido_Paterno, Apellido_Materno) VALUES
('Luis', 'Ramírez', 'Gómez'),
('Ana', 'Hernández', 'Martínez'),
('Pedro', 'Sánchez', 'Pérez'),
('Carlos', 'Fernández', 'López'),
('Marta', 'Rodríguez', 'Díaz'),
('Jorge', 'García', 'Morales'),
('Elena', 'Martínez', 'Chávez'),
('Sofía', 'Torres', 'Vázquez'),
('Ricardo', 'Gómez', 'Ortega'),
('Gabriela', 'Ramírez', 'Castro'),
('Alejandro', 'López', 'Jiménez'),
('Carmen', 'Hernández', 'Castillo'),
('Fernando', 'Sánchez', 'Romero'),
('Isabel', 'Fernández', 'Guerrero'),
('Roberto', 'Rodríguez', 'Medina'),
('Paula', 'García', 'López'),
('Héctor', 'Martínez', 'Moreno'),
('Mónica', 'Gómez', 'Navarro'),
('Jorge', 'Ramírez', 'Gil'),
('Laura', 'Hernández', 'Rojas'),
('David', 'Sánchez', 'Ortiz'),
('María', 'Fernández', 'Núñez'),
('Pedro', 'Rodríguez', 'Paredes'),
('Ana', 'García', 'Vega'),
('Luis', 'Martínez', 'Soto'),
('Sofía', 'Gómez', 'Delgado'),
('Jorge', 'Ramírez', 'Ponce'),
('Elena', 'Hernández', 'Serrano'),
('Ricardo', 'Sánchez', 'Ibarra'),
('Gabriela', 'Fernández', 'Flores'),
('Alejandro', 'Rodríguez', 'López'),
('Carmen', 'García', 'Martínez'),
('Fernando', 'Martínez', 'Ramírez'),
('Isabel', 'Gómez', 'Hernández'),
('Roberto', 'Ramírez', 'Sánchez'),
('Paula', 'Hernández', 'Fernández'),
('Héctor', 'Sánchez', 'Rodríguez'),
('Mónica', 'Fernández', 'García'),
('Jorge', 'Rodríguez', 'Martínez'),
('Laura', 'García', 'Ramírez');



INSERT INTO Cuenta (Metodo_pago, Monto, Fecha) VALUES
('Tarjeta', 1500.00, '2024-06-01'),
('Efectivo', 750.00, '2024-06-02'),
('Tarjeta', 1250.00, '2024-06-03'),
('Efectivo', 500.00, '2024-06-04'),
('Tarjeta', 2000.00, '2024-06-05'),
('Efectivo', 850.00, '2024-06-06'),
('Tarjeta', 1750.00, '2024-06-07'),
('Efectivo', 950.00, '2024-06-08'),
('Tarjeta', 1450.00, '2024-06-09'),
('Efectivo', 550.00, '2024-06-10'),
('Tarjeta', 1350.00, '2024-06-11'),
('Efectivo', 700.00, '2024-06-12'),
('Tarjeta', 1650.00, '2024-06-13'),
('Efectivo', 1000.00, '2024-06-14'),
('Tarjeta', 1250.00, '2024-06-15'),
('Efectivo', 600.00, '2024-06-16'),
('Tarjeta', 1550.00, '2024-06-17'),
('Efectivo', 750.00, '2024-06-18'),
('Tarjeta', 1850.00, '2024-06-19'),
('Efectivo', 850.00, '2024-06-20'),
('Tarjeta', 1750.00, '2024-06-21'),
('Efectivo', 950.00, '2024-06-22'),
('Tarjeta', 1450.00, '2024-06-23'),
('Efectivo', 550.00, '2024-06-24'),
('Tarjeta', 1350.00, '2024-06-25'),
('Efectivo', 700.00, '2024-06-26'),
('Tarjeta', 1650.00, '2024-06-27'),
('Efectivo', 1000.00, '2024-06-28'),
('Tarjeta', 1250.00, '2024-06-29'),
('Efectivo', 600.00, '2024-06-30'),
('Tarjeta', 1550.00, '2024-07-01'),
('Efectivo', 750.00, '2024-07-02'),
('Tarjeta', 1850.00, '2024-07-03'),
('Efectivo', 850.00, '2024-07-04'),
('Tarjeta', 1750.00, '2024-07-05'),
('Efectivo', 950.00, '2024-07-06'),
('Tarjeta', 1450.00, '2024-07-07'),
('Efectivo', 550.00, '2024-07-08'),
('Tarjeta', 1350.00, '2024-07-09');


INSERT INTO Mesa (Capacidad, Ubicacion, Estado) VALUES
(4, 'Ventana', 'Disponible'),
(2, 'Centro', 'Reservada'),
(6, 'Esquina', 'Disponible'),
(4, 'Terraza', 'Disponible'),
(2, 'Ventana', 'Disponible'),
(8, 'Privado', 'Disponible'),
(4, 'Centro', 'Reservada'),
(6, 'Ventana', 'Disponible'),
(2, 'Esquina', 'Reservada'),
(4, 'Centro', 'Disponible');


INSERT INTO Evento (Tipo, No_Personas) VALUES
('Cumpleaños', 10),
('Reunión de Negocios', 5),
('Boda', 50),
('Aniversario', 20),
('Fiesta Infantil', 15),
('Conferencia', 30),
('Cena de Gala', 25),
('Despedida de Soltero', 12),
('Bautizo', 40),
('Graduación', 100);


INSERT INTO Horario (hora_inicio, hora_fin, dia) VALUES
('08:00:00', '12:00:00', 'Lunes'),
('12:00:00', '16:00:00', 'Lunes'),
('16:00:00', '20:00:00', 'Lunes'),
('08:00:00', '12:00:00', 'Martes'),
('12:00:00', '16:00:00', 'Martes'),
('16:00:00', '20:00:00', 'Martes'),
('08:00:00', '12:00:00', 'Miércoles'),
('12:00:00', '16:00:00', 'Miércoles'),
('16:00:00', '20:00:00', 'Miércoles'),
('08:00:00', '12:00:00', 'Jueves'),
('12:00:00', '16:00:00', 'Jueves'),
('16:00:00', '20:00:00', 'Jueves'),
('08:00:00', '12:00:00', 'Viernes'),
('12:00:00', '16:00:00', 'Viernes'),
('16:00:00', '20:00:00', 'Viernes'),
('08:00:00', '12:00:00', 'Sábado'),
('12:00:00', '16:00:00', 'Sábado'),
('16:00:00', '20:00:00', 'Sábado'),
('08:00:00', '12:00:00', 'Domingo'),
('12:00:00', '16:00:00', 'Domingo'),
('16:00:00', '20:00:00', 'Domingo');


-- Asumiendo que cada platillo tiene al menos 2 ingredientes
INSERT INTO Platillo_Ingredientes (id_platillo, id_ingrediente) VALUES
(1, 1), (1, 2), (2, 3), (2, 4), (3, 5), (3, 6), (4, 7), (4, 8), (5, 9), (5, 10),
(6, 11), (6, 12), (7, 13), (7, 14), (8, 15), (8, 16), (9, 17), (9, 18), (10, 19), (10, 20),
(11, 21), (11, 22), (12, 23), (12, 24), (13, 25), (13, 26), (14, 27), (14, 28), (15, 29), (15, 30),
(16, 31), (16, 32), (17, 33), (17, 34), (18, 35), (18, 36), (19, 37), (19, 38), (20, 39), (20, 40);


-- Asignar platillos a clientes aleatoriamente
INSERT INTO Cliente_Platillo (id_clientes, id_platillo) VALUES
(1, 1), (2, 2), (3, 3), (4, 4), (5, 5), (6, 6), (7, 7), (8, 8), (9, 9), (10, 10),
(11, 11), (12, 12), (13, 13), (14, 14), (15, 15), (16, 16), (17, 17), (18, 18), (19, 19), (20, 20),
(21, 21), (22, 22), (23, 23), (24, 24), (25, 25), (26, 26), (27, 27), (28, 28), (29, 29), (30, 30),
(31, 31), (32, 32), (33, 33), (34, 34), (35, 35), (36, 36), (37, 37);

-- Asignar mesas a clientes aleatoriamente con fechas y horas
INSERT INTO Cliente_Mesa (id_clientes, id_mesa, fecha, hora, fecha_de_generacion, estado) VALUES
(1, 1, '2024-06-01', '19:00:00', '2024-05-31', 'Confirmada'),
(2, 2, '2024-06-02', '20:00:00', '2024-05-31', 'Confirmada'),
(3, 3, '2024-06-03', '21:00:00', '2024-05-31', 'Confirmada'),
(4, 4, '2024-06-04', '18:00:00', '2024-05-31', 'Confirmada'),
(5, 5, '2024-06-05', '19:30:00', '2024-05-31', 'Confirmada'),
(6, 6, '2024-06-06', '20:30:00', '2024-05-31', 'Confirmada'),
(7, 7, '2024-06-07', '21:15:00', '2024-05-31', 'Confirmada'),
(8, 8, '2024-06-08', '19:45:00', '2024-05-31', 'Confirmada'),
(9, 9, '2024-06-09', '20:15:00', '2024-05-31', 'Confirmada'),
(10, 10, '2024-06-10', '19:30:00', '2024-05-31', 'Confirmada');


-- Asignar eventos a clientes aleatoriamente con fechas y horas
INSERT INTO Cliente_Evento (id_clientes, id_evento, fecha, hora, fecha_de_generacion, estado) VALUES
(1, 1, '2024-06-10', '18:00:00', '2024-06-01', 'Confirmada'),
(2, 2, '2024-06-11', '14:00:00', '2024-06-02', 'Confirmada'),
(3, 3, '2024-06-12', '12:00:00', '2024-06-03', 'Confirmada'),
(4, 4, '2024-06-13', '18:00:00', '2024-06-04', 'Confirmada'),
(5, 5, '2024-06-14', '14:00:00', '2024-06-05', 'Confirmada'),
(6, 6, '2024-06-15', '12:00:00', '2024-06-06', 'Confirmada'),
(7, 7, '2024-06-16', '18:00:00', '2024-06-07', 'Confirmada'),
(8, 8, '2024-06-17', '14:00:00', '2024-06-08', 'Confirmada'),
(9, 9, '2024-06-18', '12:00:00', '2024-06-09', 'Confirmada'),
(10, 10, '2024-06-19', '18:00:00', '2024-06-10', 'Confirmada');


-- Asignar eventos a meseros aleatoriamente
INSERT INTO Mesero_Evento (id_empleados, id_evento) VALUES
(1, 1), (2, 2), (3, 3), (4, 4), (5, 5), (6, 6), (7, 7), (8, 8), (9, 9), (10, 10);


-- Asignar mesas a meseros aleatoriamente
INSERT INTO Mesero_Mesa (id_empleados, id_mesa) VALUES
(1, 1), (2, 2), (3, 3), (4, 4), (5, 5), (6, 6), (7, 7), (8, 8), (9, 9), (10, 10);


-- Asignar horarios a meseros aleatoriamente
INSERT INTO Mesero_Horario (id_empleados, id_horario) VALUES
(1, 1), (2, 2), (3, 3), (4, 4), (5, 5), (6, 6), (7, 7), (8, 8), (9, 9), (10, 10);


-- Asignar cuentas a clientes aleatoriamente
INSERT INTO Cliente_Cuenta (id_clientes, id_cuenta) VALUES
(1, 1), (2, 2), (3, 3), (4, 4), (5, 5), (6, 6), (7, 7), (8, 8), (9, 9), (10, 10);


